word,pos,frequency
gene,NOUN,853
cell,NOUN,701
network,NOUN,532
expression,NOUN,520
analysis,NOUN,435
mechanism,NOUN,419
receptor,NOUN,418
pharmacology,NOUN,413
effect,NOUN,386
cancer,NOUN,359
induce,VERB,342
molecular,ADJ,327
diabetes,NOUN,316
activate,VERB,311
base,VERB,310
type,NOUN,300
pparγ,NOUN,296
mouse,NOUN,294
pparg,ADJ,292
proliferator,NOUN,288
disease,NOUN,267
peroxisome,NOUN,265
acid,NOUN,253
study,NOUN,252
tissue,NOUN,244
pathway,NOUN,238
differentiation,NOUN,232
obesity,NOUN,230
associate,VERB,229
metabolism,NOUN,228
treatment,NOUN,226
association,NOUN,217
polymorphism,NOUN,217
genetic,ADJ,213
human,ADJ,207
relate,VERB,205
liver,NOUN,200
adipose,ADJ,199
regulate,VERB,195
pparg,NOUN,193
metabolic,NOUN,191
adipocyte,NOUN,176
diet,NOUN,169
lipid,NOUN,167
docking,NOUN,166
risk,NOUN,166
fatty,NOUN,164
patient,NOUN,159
adipogenesis,NOUN,155
insulin,NOUN,152
stem,NOUN,148
role,NOUN,147
gamma,NOUN,146
protein,NOUN,146
high,ADJ,145
target,NOUN,145
factor,NOUN,145
thyroid,NOUN,144
signal,VERB,143
rat,NOUN,142
promote,VERB,141
ppar,NOUN,139
fat,NOUN,137
identification,NOUN,136
reveal,VERB,136
model,NOUN,132
carcinoma,NOUN,131
variant,NOUN,131
muscle,NOUN,131
regulation,NOUN,122
mediate,VERB,119
potential,ADJ,119
syndrome,NOUN,118
population,NOUN,115
derive,VERB,107
development,NOUN,107
response,NOUN,105
inflammation,NOUN,104
lipid,ADJ,103
activation,NOUN,102
resistance,NOUN,101
cells,NOUN,98
diabetic,ADJ,97
bone,NOUN,97
explore,VERB,96
macrophage,NOUN,96
breast,NOUN,95
human,NOUN,93
fat,ADJ,92
experimental,ADJ,91
activity,NOUN,90
inhibit,VERB,90
novel,ADJ,88
mesenchymal,NOUN,87
function,NOUN,86
target,VERB,85
adipose,NOUN,85
mellitus,NOUN,83
hepatic,ADJ,83
potential,NOUN,83
lung,NOUN,83
inflammatory,ADJ,82
adipogenic,ADJ,82
growth,NOUN,81
validation,NOUN,79
interaction,NOUN,77
approach,NOUN,76
non,ADJ,76
therapeutic,ADJ,76
injury,NOUN,76
molecular,NOUN,76
treat,VERB,74
drug,NOUN,73
identify,VERB,73
tumor,NOUN,72
glucose,NOUN,72
decoction,NOUN,71
insight,NOUN,69
increase,VERB,69
improve,VERB,68
lipodystrophy,NOUN,68
epithelial,ADJ,67
mutation,NOUN,66
dependent,ADJ,64
genes,NOUN,63
single,ADJ,63
transcription,NOUN,63
profile,NOUN,62
stress,NOUN,62
induced,NOUN,62
level,NOUN,62
mitochondrial,ADJ,62
involve,VERB,62
control,NOUN,60
agonist,NOUN,60
marker,NOUN,60
specific,ADJ,60
obese,ADJ,60
review,NOUN,59
mammary,ADJ,59
candidate,NOUN,58
synthesis,NOUN,58
accumulation,NOUN,57
reduce,VERB,57
bioinformatic,NOUN,57
suppress,VERB,56
dysfunction,NOUN,56
inhibition,NOUN,55
proliferation,NOUN,55
transcriptional,ADJ,55
susceptibility,NOUN,55
case,NOUN,55
weight,NOUN,54
phenotype,NOUN,54
fibrosis,NOUN,53
affect,VERB,53
genome,NOUN,53
immune,ADJ,53
modulate,VERB,53
enhance,VERB,52
transcriptome,NOUN,52
progression,NOUN,51
blood,NOUN,51
colorectal,ADJ,51
early,ADJ,51
variation,NOUN,51
axis,NOUN,50
diabete,NOUN,50
therapy,NOUN,50
extract,NOUN,50
genetic,NOUN,50
clinical,ADJ,50
rna,NOUN,49
milk,NOUN,49
like,ADJ,49
disorder,NOUN,49
dietary,ADJ,48
energy,NOUN,48
loss,NOUN,47
action,NOUN,47
ameliorate,VERB,47
methylation,NOUN,47
change,NOUN,47
wide,ADJ,46
combine,VERB,46
hypertension,NOUN,46
skeletal,ADJ,46
heart,NOUN,46
bladder,NOUN,46
system,NOUN,46
silico,NOUN,46
marrow,NOUN,46
maternal,ADJ,46
dna,NOUN,46
integrate,VERB,45
different,ADJ,45
regulatory,ADJ,45
pig,NOUN,45
evaluation,NOUN,45
apoptosis,NOUN,45
key,ADJ,44
signaling,NOUN,44
common,ADJ,44
regulator,NOUN,44
pharmacological,ADJ,44
sequence,VERB,43
attenuate,VERB,43
mechanisms,NOUN,43
partial,ADJ,43
subcutaneous,ADJ,43
impact,NOUN,42
nuclear,ADJ,42
oxidative,ADJ,42
gut,NOUN,42
alzheimer,NOUN,42
bovine,ADJ,42
alter,VERB,41
signature,NOUN,41
predict,VERB,41
compound,NOUN,41
kidney,NOUN,41
arthritis,NOUN,40
preadipocyte,NOUN,40
mice,NOUN,40
feed,VERB,40
chronic,ADJ,40
woman,NOUN,40
adult,NOUN,40
body,NOUN,40
verification,NOUN,39
meta,ADJ,39
steatosis,NOUN,39
pioglitazone,NOUN,39
component,NOUN,38
new,ADJ,38
profiling,NOUN,38
effects,NOUN,38
modulation,NOUN,37
deficiency,NOUN,37
exposure,NOUN,37
long,ADJ,37
white,ADJ,36
acute,NOUN,36
evidence,NOUN,36
microbiota,NOUN,36
porcine,NOUN,36
chinese,ADJ,36
inhibitor,NOUN,36
oil,NOUN,36
biomarker,NOUN,36
nephropathy,NOUN,36
investigation,NOUN,36
serum,NOUN,35
colitis,NOUN,35
trait,NOUN,35
polarization,NOUN,35
chicken,NOUN,35
polymorphisms,NOUN,35
characterization,NOUN,35
prevent,VERB,35
low,ADJ,35
atherosclerosis,NOUN,35
systematic,ADJ,34
alleviate,VERB,34
express,VERB,34
dairy,NOUN,34
mass,NOUN,34
child,NOUN,34
deposition,NOUN,34
loci,NOUN,34
activated,NOUN,34
formation,NOUN,34
datum,NOUN,33
control,VERB,33
cow,NOUN,33
functional,ADJ,33
cattle,NOUN,33
active,ADJ,33
influence,NOUN,33
prediction,NOUN,32
sex,NOUN,32
homeostasis,NOUN,32
akt,NOUN,32
supplementation,NOUN,32
pulmonary,ADJ,32
quality,NOUN,32
vivo,NOUN,32
novel,NOUN,32
murine,NOUN,31
protective,ADJ,31
epigenetic,ADJ,31
bind,VERB,31
implication,NOUN,31
male,ADJ,31
intestinal,ADJ,31
promoter,NOUN,31
screening,NOUN,31
familial,ADJ,30
bioinformatics,NOUN,30
gestational,ADJ,30
intramuscular,ADJ,30
contribute,VERB,30
stromal,ADJ,30
rosiglitazone,NOUN,30
sensitivity,NOUN,30
therapeutic,NOUN,30
primary,ADJ,30
line,NOUN,29
nucleotide,NOUN,29
method,NOUN,29
small,ADJ,29
efficacy,NOUN,29
experimental,NOUN,29
vitamin,NOUN,29
protect,VERB,28
study,VERB,28
metabolomic,NOUN,28
han,NOUN,28
hepatocellular,ADJ,28
goat,NOUN,28
mrna,NOUN,28
ampk,NOUN,28
drive,VERB,28
adiponectin,NOUN,28
vivo,ADJ,28
chinese,NOUN,28
alteration,NOUN,28
modulate,NOUN,28
prostate,NOUN,27
adenocarcinoma,NOUN,27
pattern,NOUN,27
immune,NOUN,27
associated,NOUN,27
kinase,NOUN,27
cause,VERB,27
exploration,NOUN,26
adiposity,NOUN,26
performance,NOUN,26
peroxisome,VERB,26
cohort,NOUN,26
coronary,ADJ,26
onset,NOUN,26
composition,NOUN,26
pancreatic,ADJ,26
term,NOUN,26
hormone,NOUN,26
integrated,ADJ,26
biology,NOUN,26
autophagy,NOUN,26
age,NOUN,26
exercise,NOUN,26
medicine,NOUN,26
cardiac,ADJ,26
alcoholic,ADJ,26
simulation,NOUN,25
offspring,NOUN,25
differential,ADJ,25
pathogenesis,NOUN,25
adipocyte,ADJ,25
female,ADJ,25
fetal,ADJ,25
follicular,ADJ,25
peripheral,ADJ,25
radix,NOUN,25
polycystic,ADJ,25
gastric,ADJ,24
anti,NOUN,24
relationship,NOUN,24
intake,NOUN,24
dynamic,NOUN,24
renal,ADJ,24
hepatic,NOUN,24
difference,NOUN,24
decrease,VERB,24
osteogenic,ADJ,24
production,NOUN,24
brain,NOUN,24
variants,NOUN,24
prognostic,ADJ,24
placental,ADJ,24
fusion,NOUN,24
diabetic,NOUN,23
sepsis,NOUN,23
cholesterol,NOUN,23
alpha,NOUN,23
meat,NOUN,23
deletion,NOUN,23
brown,ADJ,23
basis,NOUN,23
multiple,ADJ,23
ovarian,ADJ,23
investigate,VERB,23
essential,ADJ,23
characteristic,NOUN,23
promotes,NOUN,22
matrix,NOUN,22
genotype,NOUN,22
rhizoma,NOUN,22
influence,VERB,22
depression,NOUN,22
differentiate,VERB,22
learning,NOUN,22
health,NOUN,22
remodeling,NOUN,22
ovary,ADJ,22
toxicology,NOUN,22
impair,VERB,22
adaptation,NOUN,21
prognosis,NOUN,21
transcriptomic,ADJ,21
toxicity,NOUN,21
transcriptomic,NOUN,21
experiment,NOUN,21
research,NOUN,21
gland,NOUN,21
environment,NOUN,21
mellitus,ADJ,21
infection,NOUN,21
alter,NOUN,21
inhibit,NOUN,21
adipogenic,NOUN,21
key,NOUN,21
ulcerative,ADJ,21
randomization,NOUN,20
chemical,NOUN,20
strategy,NOUN,20
deficient,ADJ,20
abdominal,ADJ,20
myocardial,ADJ,20
virus,NOUN,20
mesenchymal,ADJ,20
vitro,NOUN,20
hypoxia,NOUN,20
meta,NOUN,20
integrated,NOUN,20
pregnancy,NOUN,20
follow,VERB,20
underlie,VERB,20
machine,NOUN,20
late,ADJ,20
link,VERB,20
failure,NOUN,19
negative,ADJ,19
vascular,ADJ,19
mammary,NOUN,19
damage,NOUN,19
management,NOUN,19
stage,NOUN,19
urothelial,ADJ,19
leptin,NOUN,19
hyperlipidemia,NOUN,19
fibroblast,NOUN,19
leukemia,NOUN,19
skin,NOUN,19
modify,VERB,19
stroke,NOUN,19
ischemia,NOUN,19
chain,NOUN,19
modification,NOUN,19
endothelial,ADJ,19
content,NOUN,19
metabolite,NOUN,19
formula,NOUN,19
antidiabetic,ADJ,19
prevention,NOUN,19
combination,NOUN,19
estrogen,NOUN,18
lead,VERB,18
stromal,NOUN,18
cardiovascular,ADJ,18
trophoblast,NOUN,18
histone,NOUN,18
dual,ADJ,18
steatohepatitis,NOUN,18
individual,NOUN,18
disruption,NOUN,18
transcriptional,NOUN,18
epithelial,NOUN,18
inhibits,NOUN,18
impairment,NOUN,18
plasma,NOUN,18
distinct,ADJ,18
papillary,ADJ,18
genomic,ADJ,18
progenitor,NOUN,18
fto,NOUN,18
property,NOUN,18
severe,ADJ,18
feature,NOUN,18
generation,NOUN,18
mitochondrial,NOUN,18
agent,NOUN,18
acute,ADJ,18
survival,NOUN,18
fish,NOUN,18
possible,ADJ,18
rheumatoid,ADJ,18
computational,ADJ,18
diagnosis,NOUN,18
lineage,NOUN,18
integrative,ADJ,17
microenvironment,NOUN,17
inhibitory,ADJ,17
comparison,NOUN,17
concentration,NOUN,17
sheep,NOUN,17
status,NOUN,17
mendelian,ADJ,17
overexpression,NOUN,17
animal,NOUN,17
dynamics,NOUN,17
ligand,NOUN,17
culture,NOUN,17
require,VERB,17
downregulation,NOUN,17
osteoarthritis,NOUN,17
non,NOUN,17
large,ADJ,17
infiltration,NOUN,17
lipolysis,NOUN,17
comprehensive,ADJ,17
patients,NOUN,17
testing,NOUN,17
subject,NOUN,17
systemic,ADJ,17
suppression,NOUN,17
index,NOUN,17
induction,NOUN,17
ferroptosis,NOUN,17
discovery,NOUN,16
tgf,NOUN,16
pathways,NOUN,16
hypertrophy,NOUN,16
bisphenol,NOUN,16
hub,NOUN,16
visceral,ADJ,16
osteoporosis,NOUN,16
osteogenesis,NOUN,16
prenatal,ADJ,16
wnt,NOUN,16
nafld,NOUN,16
embryo,NOUN,16
metastasis,NOUN,16
mrna,ADJ,16
program,NOUN,16
alcohol,NOUN,16
circadian,ADJ,16
zebrafish,ADJ,16
fatty,ADJ,16
beef,NOUN,16
nodule,NOUN,16
nutrition,NOUN,15
knockout,NOUN,15
lipogenesis,NOUN,15
physical,ADJ,15
seed,NOUN,15
data,NOUN,15
nuclear,NOUN,15
density,NOUN,15
result,NOUN,15
resveratrol,NOUN,15
bioactive,ADJ,15
macrophages,NOUN,15
traditional,ADJ,15
infarction,NOUN,15
osteosarcoma,NOUN,15
calcium,NOUN,15
impaired,ADJ,15
broiler,NOUN,15
young,ADJ,15
elucidate,VERB,15
independent,ADJ,15
technology,NOUN,15
oxidation,NOUN,15
uncover,VERB,15
adipocytes,NOUN,15
involvement,NOUN,15
studies,NOUN,15
epigenetic,NOUN,15
correlate,VERB,15
lipogenic,ADJ,15
subtype,NOUN,15
fructus,NOUN,14
comparative,ADJ,14
determine,VERB,14
literature,NOUN,14
correlation,NOUN,14
mirna,ADJ,14
natural,ADJ,14
secretion,NOUN,14
locus,NOUN,14
extracellular,ADJ,14
combined,NOUN,14
biogenesis,NOUN,14
thermogenesis,NOUN,14
family,NOUN,14
curcumin,NOUN,14
group,NOUN,14
high,NOUN,14
restriction,NOUN,14
landscape,NOUN,14
healing,NOUN,14
support,VERB,14
invasive,ADJ,14
quercetin,NOUN,14
heterogeneity,NOUN,14
reperfusion,NOUN,14
japanese,ADJ,14
oral,ADJ,14
pharmacological,NOUN,14
ischemic,ADJ,14
brown,VERB,14
gain,NOUN,13
bowel,NOUN,13
signal,NOUN,13
adolescent,NOUN,13
crosstalk,NOUN,13
size,NOUN,13
mechanistic,ADJ,13
barrier,NOUN,13
colon,NOUN,13
outcome,NOUN,13
isoform,NOUN,13
white,NOUN,13
bovine,NOUN,13
food,NOUN,13
report,NOUN,13
enhancer,NOUN,13
cord,NOUN,13
interact,VERB,13
integration,NOUN,13
contribution,NOUN,13
markers,NOUN,13
uplc,NOUN,13
cognitive,ADJ,13
targets,NOUN,13
nonalcoholic,NOUN,13
herb,NOUN,13
diagnostic,ADJ,13
derivative,NOUN,13
alternative,ADJ,13
lower,VERB,13
aging,NOUN,13
cellular,ADJ,13
short,ADJ,13
embryonic,ADJ,13
granulosa,NOUN,13
major,ADJ,13
neonatal,ADJ,13
modulator,NOUN,13
trial,NOUN,13
host,NOUN,13
upregulation,NOUN,13
score,NOUN,13
upregulate,VERB,13
migration,NOUN,12
papillary,NOUN,12
inflammatory,NOUN,12
regulate,NOUN,12
endocrine,NOUN,12
microglia,NOUN,12
reduction,NOUN,12
seq,NOUN,12
pair,NOUN,12
recurrent,ADJ,12
postmenopausal,NOUN,12
hepatocyte,NOUN,12
pulmonary,NOUN,12
neuroinflammation,NOUN,12
expose,VERB,12
san,NOUN,12
ethylhexyl,NOUN,12
pill,NOUN,12
death,NOUN,12
preliminary,ADJ,12
protect,NOUN,12
resistant,ADJ,12
reverse,VERB,12
enzyme,NOUN,12
idiopathic,ADJ,12
reprogramme,VERB,12
region,NOUN,12
transcript,NOUN,12
alleviates,NOUN,12
steroid,NOUN,12
stellate,NOUN,12
beta,NOUN,12
snp,NOUN,12
based,NOUN,12
antioxidant,NOUN,12
chronic,NOUN,12
balance,NOUN,12
stimulation,NOUN,12
complication,NOUN,12
thiazolidinedione,NOUN,12
tolerance,NOUN,12
telmisartan,NOUN,12
bioactive,NOUN,12
use,NOUN,12
squamous,ADJ,12
artery,NOUN,12
clock,NOUN,12
assessment,NOUN,12
capacity,NOUN,12
clinical,NOUN,12
suppresses,NOUN,12
allele,NOUN,12
uptake,NOUN,12
angiotensin,NOUN,12
unveil,VERB,12
molecule,NOUN,11
microrna,ADJ,11
dyslipidemia,NOUN,11
ppard,NOUN,11
peptide,NOUN,11
maintain,VERB,11
follicle,NOUN,11
repression,NOUN,11
intervention,NOUN,11
catenin,ADJ,11
gestation,NOUN,11
levels,NOUN,11
myeloid,NOUN,11
dysregulation,NOUN,11
age,VERB,11
oxidative,NOUN,11
select,VERB,11
challenge,NOUN,11
perspective,NOUN,11
wound,NOUN,11
leaf,NOUN,11
predictor,NOUN,11
play,VERB,11
lactation,NOUN,11
regeneration,NOUN,11
obesity,ADJ,11
birth,NOUN,11
endometrial,ADJ,11
new,NOUN,11
mtor,NOUN,11
genomic,NOUN,11
free,ADJ,11
colorectal,NOUN,11
bioinformatic,ADJ,11
expansion,NOUN,11
synthase,NOUN,11
buffalo,NOUN,11
post,ADJ,11
mitophagy,NOUN,11
aortic,ADJ,11
disrupt,VERB,11
athlete,NOUN,11
stimulate,VERB,11
phthalate,NOUN,11
quantitative,ADJ,11
systematic,NOUN,11
suppressor,NOUN,11
triple,ADJ,11
radiation,NOUN,11
complex,NOUN,11
nonalcoholic,ADJ,11
suppresse,NOUN,11
relation,NOUN,11
training,NOUN,11
capsule,NOUN,11
tof,NOUN,11
normal,ADJ,11
product,NOUN,11
injection,NOUN,11
aneurysm,NOUN,10
coactivator,NOUN,10
dependent,NOUN,10
acid,ADJ,10
developmental,ADJ,10
angiogenesis,NOUN,10
determinant,NOUN,10
mediator,NOUN,10
cytology,NOUN,10
vitro,ADJ,10
methionine,NOUN,10
osteonecrosis,NOUN,10
intramuscular,NOUN,10
active,NOUN,10
specific,NOUN,10
mapk,NOUN,10
multi,NOUN,10
act,VERB,10
male,NOUN,10
manner,NOUN,10
necrosis,NOUN,10
needle,NOUN,10
ppara,NOUN,10
downregulate,VERB,10
resolution,NOUN,10
time,NOUN,10
transporter,NOUN,10
pain,NOUN,10
facilitate,VERB,10
systems,NOUN,10
ingredient,NOUN,10
nutritional,ADJ,10
alveolar,ADJ,10
suggest,VERB,10
longissimus,NOUN,10
airway,NOUN,10
fine,ADJ,10
arterial,ADJ,10
programming,NOUN,10
increase,NOUN,10
fate,NOUN,10
significance,NOUN,10
fibroblast,ADJ,10
fed,NOUN,10
lncrna,NOUN,10
contain,VERB,10
feeding,NOUN,10
carbon,NOUN,10
construction,NOUN,10
immunity,NOUN,10
parameter,NOUN,10
protection,NOUN,10
regulatory,NOUN,10
type,VERB,10
cerebral,ADJ,10
biomarkers,NOUN,10
carbohydrate,NOUN,10
neuronal,ADJ,10
central,ADJ,10
preterm,NOUN,10
crispr,NOUN,10
lesion,NOUN,10
aspiration,NOUN,10
islet,NOUN,9
value,NOUN,9
fast,VERB,9
chromatin,NOUN,9
protective,NOUN,9
haplotype,NOUN,9
exome,NOUN,9
healthy,ADJ,9
psoriasis,NOUN,9
lipodystrophie,NOUN,9
isolate,VERB,9
lipoprotein,NOUN,9
stability,NOUN,9
circulate,VERB,9
sport,NOUN,9
autophagy,ADJ,9
tool,NOUN,9
provide,VERB,9
hhex,NOUN,9
related,NOUN,9
altered,ADJ,9
nodules,NOUN,9
grow,VERB,9
neural,ADJ,9
biological,ADJ,9
old,ADJ,9
regulates,NOUN,9
obstructive,ADJ,9
luminal,ADJ,9
fruit,NOUN,9
pressure,NOUN,9
neoplasm,NOUN,9
enrich,VERB,9
virtual,ADJ,9
ginsenoside,NOUN,9
loop,NOUN,9
life,NOUN,9
childhood,NOUN,9
tea,NOUN,9
powder,NOUN,9
breed,NOUN,9
rabbit,NOUN,9
distribution,NOUN,9
ldl,NOUN,9
behavior,NOUN,9
browning,NOUN,9
link,NOUN,9
buffalo,ADJ,9
linoleic,ADJ,9
female,NOUN,9
future,ADJ,9
extract,VERB,9
induces,NOUN,9
selection,NOUN,9
metabolomics,NOUN,9
year,NOUN,9
compare,VERB,9
day,NOUN,9
multipotent,NOUN,9
screen,VERB,9
decipher,VERB,9
condition,NOUN,9
application,NOUN,9
ace,NOUN,9
melanoma,NOUN,9
database,NOUN,9
pathogenic,ADJ,9
degeneration,NOUN,9
anticancer,NOUN,9
selective,ADJ,9
current,ADJ,9
commitment,NOUN,9
improvement,NOUN,9
placenta,NOUN,9
microarray,NOUN,9
depot,NOUN,9
tumour,NOUN,9
splicing,NOUN,9
activator,NOUN,9
monogenic,ADJ,9
architecture,NOUN,9
transdifferentiation,NOUN,8
knockdown,NOUN,8
focus,NOUN,8
implantation,NOUN,8
korean,ADJ,8
mirnas,NOUN,8
core,NOUN,8
reproductive,ADJ,8
man,NOUN,8
pparγ,VERB,8
duck,NOUN,8
number,NOUN,8
ras,NOUN,8
glucocorticoid,ADJ,8
pparα,NOUN,8
dose,NOUN,8
global,ADJ,8
prognostic,NOUN,8
rare,ADJ,8
droplet,ADJ,8
brazilian,ADJ,8
ulcer,NOUN,8
plasticity,NOUN,8
sclerosis,NOUN,8
hyperglycemia,NOUN,8
encode,VERB,8
biosynthesis,NOUN,8
ameliorates,NOUN,8
periodontitis,NOUN,8
endogenous,ADJ,8
period,NOUN,8
structural,ADJ,8
lepr,NOUN,8
endometrium,NOUN,8
related,ADJ,8
transition,NOUN,8
mexican,ADJ,8
obese,NOUN,8
frequency,NOUN,8
cytokine,NOUN,8
thermogenic,ADJ,8
primary,NOUN,8
precursor,NOUN,8
effective,ADJ,8
coding,ADJ,8
lactating,ADJ,8
pediatric,ADJ,8
repair,NOUN,8
lack,NOUN,8
preadipocytes,NOUN,8
domain,NOUN,8
omics,ADJ,8
bmi,NOUN,8
lifestyle,NOUN,8
absorption,NOUN,8
senescence,NOUN,8
constituent,NOUN,8
dehydrogenase,NOUN,8
holstein,NOUN,8
promote,NOUN,8
cardiomyocyte,NOUN,8
squamous,NOUN,8
triglyceride,NOUN,8
attenuates,NOUN,8
hair,NOUN,8
antagonist,NOUN,8
pten,NOUN,8
pilot,NOUN,8
influenza,NOUN,8
consumption,NOUN,8
myocardial,NOUN,8
variability,NOUN,8
membrane,NOUN,8
single,NOUN,8
polycystic,NOUN,8
prospective,ADJ,8
mixture,NOUN,8
uncover,NOUN,8
models,NOUN,8
unique,ADJ,8
detection,NOUN,8
carcinomas,NOUN,8
progress,NOUN,8
root,NOUN,8
ros,NOUN,8
extracellular,NOUN,8
myogenesis,NOUN,8
conjugate,VERB,8
sars,NOUN,8
granules,NOUN,8
adipoq,NOUN,8
advanced,ADJ,8
modulates,NOUN,8
hiv,NOUN,8
define,VERB,8
rheumatoid,NOUN,8
post,NOUN,8
degradation,NOUN,8
sample,NOUN,8
administration,NOUN,8
engineering,NOUN,7
critical,ADJ,7
zebrafish,NOUN,7
enhance,NOUN,7
compounds,NOUN,7
low,NOUN,7
apolipoprotein,NOUN,7
fructose,ADJ,7
neuroprotective,ADJ,7
cebpa,NOUN,7
zinc,NOUN,7
crucial,ADJ,7
computational,NOUN,7
mononuclear,NOUN,7
canonical,ADJ,7
proteomic,NOUN,7
ethnic,ADJ,7
tumor,ADJ,7
important,ADJ,7
show,VERB,7
profiles,NOUN,7
exacerbate,VERB,7
sleep,NOUN,7
fitness,NOUN,7
fiber,NOUN,7
finish,VERB,7
carrier,NOUN,7
nutrient,ADJ,7
triacylglycerol,NOUN,7
cardiomyopathy,NOUN,7
microbiome,NOUN,7
evaluate,VERB,7
anxiety,NOUN,7
mitigate,NOUN,7
altitude,NOUN,7
lmna,NOUN,7
trigger,VERB,7
coronary,NOUN,7
pcr,NOUN,7
significant,ADJ,7
smooth,ADJ,7
share,VERB,7
complex,ADJ,7
vascular,NOUN,7
apnea,NOUN,7
novo,NOUN,7
follicular,NOUN,7
corrigendum,NOUN,7
accelerate,VERB,7
exert,VERB,7
alcoholic,NOUN,7
produce,VERB,7
cardiometabolic,NOUN,7
finding,NOUN,7
pregnant,ADJ,7
functional,NOUN,7
ret,NOUN,7
delivery,NOUN,7
phosphorylation,NOUN,7
overweight,NOUN,7
responsible,ADJ,7
ancestry,NOUN,7
wistar,NOUN,7
respiratory,ADJ,7
phosphate,NOUN,7
defect,NOUN,7
source,NOUN,7
intestinal,NOUN,7
double,ADJ,7
decode,VERB,7
rescue,VERB,7
mammalian,ADJ,7
droplet,NOUN,7
glioma,NOUN,7
adaptive,ADJ,7
organ,NOUN,7
malignant,ADJ,7
rxr,NOUN,7
tract,NOUN,7
mediate,NOUN,7
develop,VERB,7
underlying,NOUN,7
cirrhosis,NOUN,7
ovary,NOUN,7
hepatitis,NOUN,7
diagnostic,NOUN,7
melatonin,NOUN,7
state,NOUN,7
atrophy,NOUN,7
retinopathy,NOUN,7
maturation,NOUN,7
demonstrate,VERB,7
tnf,NOUN,7
head,NOUN,7
maternal,NOUN,7
glioblastoma,NOUN,7
storage,NOUN,7
characterize,VERB,7
classification,NOUN,7
translocation,NOUN,7
msc,NOUN,7
structure,NOUN,7
gastric,NOUN,7
replication,NOUN,7
predisposition,NOUN,7
elucidation,NOUN,7
networks,NOUN,7
hypertensive,ADJ,7
preadipocyte,VERB,7
pharmacodynamic,ADJ,7
cultured,ADJ,7
lean,ADJ,7
transgenic,ADJ,7
aged,ADJ,7
oxide,NOUN,7
omic,NOUN,7
fructose,NOUN,6
aortic,NOUN,6
jaw,NOUN,6
amino,NOUN,6
berberine,NOUN,6
osteoblast,ADJ,6
imbalance,NOUN,6
tissues,NOUN,6
perinatal,ADJ,6
assay,NOUN,6
lipase,NOUN,6
juvenile,ADJ,6
linoleic,NOUN,6
polyunsaturate,VERB,6
associate,NOUN,6
understand,VERB,6
panel,NOUN,6
heterozygous,ADJ,6
obesogenic,ADJ,6
pneumonia,NOUN,6
outcomes,NOUN,6
prostaglandin,NOUN,6
tumorigenesis,NOUN,6
hormonal,ADJ,6
hepatocellular,NOUN,6
future,NOUN,6
piglet,NOUN,6
approaches,NOUN,6
polygonatum,NOUN,6
fasting,NOUN,6
induce,NOUN,6
infect,VERB,6
tyrosine,NOUN,6
integrity,NOUN,6
basal,NOUN,6
oral,NOUN,6
hyperuricemia,NOUN,6
guide,VERB,6
beige,ADJ,6
beige,NOUN,6
form,NOUN,6
atherosclerotic,ADJ,6
phase,NOUN,6
targeting,NOUN,6
comprehensive,NOUN,6
flavonoid,NOUN,6
asthma,NOUN,6
initiation,NOUN,6
asian,ADJ,6
hydrogel,NOUN,6
transport,NOUN,6
alters,NOUN,6
knowledge,NOUN,6
pharmacogenomic,NOUN,6
implicate,VERB,6
pharmacogenetic,NOUN,6
pcos,NOUN,6
open,ADJ,6
hypertriglyceridemia,NOUN,6
potent,ADJ,6
fraction,NOUN,6
utility,NOUN,6
pre,ADJ,6
binding,NOUN,6
genetics,NOUN,6
graves,NOUN,6
indian,ADJ,6
prevent,NOUN,6
alterations,NOUN,6
tendon,NOUN,6
include,VERB,6
postnatal,ADJ,6
grade,NOUN,6
independent,NOUN,6
brown,NOUN,6
gouty,ADJ,6
fibrotic,ADJ,6
pathophysiology,NOUN,6
phenotypic,ADJ,6
exhibit,VERB,6
apoe,NOUN,6
restore,VERB,6
neuropathic,ADJ,6
cycle,NOUN,6
soybean,NOUN,6
subcutaneous,NOUN,6
secrete,VERB,6
cebpb,NOUN,6
sebaceous,ADJ,6
encoding,NOUN,6
south,NOUN,6
metastatic,ADJ,6
regulating,NOUN,6
mucosa,NOUN,6
schizophrenia,NOUN,6
elevate,VERB,6
element,NOUN,6
substance,NOUN,6
causal,ADJ,6
release,NOUN,6
environmental,ADJ,6
sucrose,NOUN,6
microrna,NOUN,6
sequence,NOUN,6
real,ADJ,6
rearrangement,NOUN,6
recent,ADJ,6
receptors,NOUN,6
selenium,NOUN,6
monocyte,NOUN,6
crohn,NOUN,6
cross,NOUN,6
sensitive,ADJ,6
semen,NOUN,6
cultured,NOUN,6
coa,NOUN,6
spinal,ADJ,6
ratio,NOUN,6
dorsi,NOUN,6
visceral,NOUN,6
doxorubicin,NOUN,6
cigarette,NOUN,6
strain,NOUN,6
different,NOUN,6
differential,NOUN,6
retinoic,ADJ,6
dry,VERB,6
natural,NOUN,6
material,NOUN,6
diverse,ADJ,6
respond,VERB,6
direct,VERB,6
advance,NOUN,6
circadian,NOUN,6
diabetes,VERB,6
mendelian,NOUN,6
medication,NOUN,6
memory,NOUN,6
mutant,NOUN,6
depend,VERB,6
characteristics,NOUN,6
strength,NOUN,6
renal,NOUN,6
viral,ADJ,6
stabilize,VERB,6
spontaneous,ADJ,6
rich,ADJ,6
nephritis,NOUN,6
design,NOUN,6
chemoresistance,NOUN,6
dynamic,ADJ,6
micrornas,NOUN,6
endometriosis,NOUN,6
responsiveness,NOUN,6
mining,NOUN,6
local,ADJ,6
severity,NOUN,6
conceptus,NOUN,6
copy,NOUN,6
coordinate,VERB,6
modeling,NOUN,6
mitigate,VERB,6
european,ADJ,6
surgery,NOUN,6
cardiomyopathy,ADJ,6
lipotoxicity,NOUN,6
shift,NOUN,6
carcinogenesis,NOUN,6
variant,ADJ,6
common,NOUN,6
lncrna,ADJ,6
excess,NOUN,6
congenital,ADJ,6
exosome,NOUN,6
establishment,NOUN,6
confer,VERB,6
concept,NOUN,6
mineral,NOUN,6
carcass,NOUN,6
rare,NOUN,6
randomize,VERB,6
lipoprotein,ADJ,6
coronavirus,NOUN,6
switch,NOUN,6
synovial,ADJ,6
supplement,NOUN,6
cortex,NOUN,6
esophageal,ADJ,6
supplement,VERB,6
area,NOUN,5
baicalin,NOUN,5
diabete,VERB,5
components,NOUN,5
dexamethasone,NOUN,5
yield,NOUN,5
context,NOUN,5
triglyceride,ADJ,5
hepatotoxicity,NOUN,5
total,ADJ,5
silencing,NOUN,5
dermatitis,NOUN,5
pluripotent,NOUN,5
lipopolysaccharide,NOUN,5
signaling,ADJ,5
modulating,NOUN,5
pleiotropic,ADJ,5
adrenergic,ADJ,5
partner,NOUN,5
yin,NOUN,5
underlying,ADJ,5
desaturase,NOUN,5
herbal,ADJ,5
hen,NOUN,5
myoblast,NOUN,5
similar,ADJ,5
dimensional,ADJ,5
joint,ADJ,5
result,VERB,5
apoptotic,ADJ,5
nanoparticle,NOUN,5
osteoblast,NOUN,5
retinoid,ADJ,5
androgen,NOUN,5
master,NOUN,5
volume,NOUN,5
kaempferol,NOUN,5
restrict,VERB,5
sinensis,NOUN,5
jejunum,NOUN,5
yiqi,NOUN,5
mutations,NOUN,5
partial,NOUN,5
orbital,ADJ,5
heat,NOUN,5
mature,ADJ,5
dietary,NOUN,5
information,NOUN,5
hemorrhage,NOUN,5
circular,ADJ,5
adipose,VERB,5
medicinal,ADJ,5
impaired,NOUN,5
uncouple,VERB,5
abundance,NOUN,5
screen,NOUN,5
acids,NOUN,5
mitochondria,NOUN,5
interactome,NOUN,5
interactions,NOUN,5
trout,NOUN,5
positive,ADJ,5
mitigates,NOUN,5
mexican,NOUN,5
mortality,NOUN,5
integrating,NOUN,5
antidiabetic,NOUN,5
missense,NOUN,5
translational,ADJ,5
self,NOUN,5
umbilical,ADJ,5
perivascular,ADJ,5
cornus,NOUN,5
cross,ADJ,5
microglial,ADJ,5
importance,NOUN,5
oxygen,NOUN,5
aspect,NOUN,5
tubular,ADJ,5
sodium,NOUN,5
people,NOUN,5
module,NOUN,5
smoke,NOUN,5
immunotherapy,NOUN,5
series,NOUN,5
interface,NOUN,5
pathology,NOUN,5
hyperplasia,NOUN,5
hypermethylation,NOUN,5
invasive,NOUN,5
attenuate,NOUN,5
absence,NOUN,5
arginine,NOUN,5
ruman,NOUN,5
dendritic,ADJ,5
pathological,ADJ,5
phthalate,VERB,5
indians,NOUN,5
transplantation,NOUN,5
huangqi,NOUN,5
overweight,ADJ,5
salt,NOUN,5
transcriptome,ADJ,5
satellite,NOUN,5
phosphatase,NOUN,5
indian,NOUN,5
scaffold,NOUN,5
scale,NOUN,5
spectrum,NOUN,5
deacetylase,NOUN,5
yellow,NOUN,5
india,NOUN,5
spectrometry,NOUN,5
indeterminate,NOUN,5
interplay,NOUN,5
women,NOUN,5
ovine,ADJ,5
hyperlipidemic,ADJ,5
phthalate,ADJ,5
protease,NOUN,5
tibetan,ADJ,5
abdominal,NOUN,5
braf,NOUN,5
longevity,NOUN,5
lay,VERB,5
elderly,ADJ,5
officinalis,NOUN,5
rapamycin,NOUN,5
relevant,ADJ,5
relieve,VERB,5
lymphoma,NOUN,5
predictive,ADJ,5
biochemical,ADJ,5
gender,NOUN,5
erk,NOUN,5
amyloid,NOUN,5
generalized,ADJ,5
occur,VERB,5
generate,VERB,5
efficient,ADJ,5
limit,VERB,5
essential,NOUN,5
establish,VERB,5
bile,NOUN,5
lamb,NOUN,5
find,VERB,5
changes,NOUN,5
nerve,NOUN,5
oleanolic,ADJ,5
ethanol,NOUN,5
olive,NOUN,5
characterisation,NOUN,5
change,VERB,5
obtain,VERB,5
pyroptosis,NOUN,5
folium,NOUN,5
recurrence,NOUN,5
prevents,NOUN,5
blind,ADJ,5
enhances,NOUN,5
causal,NOUN,5
vegf,NOUN,5
ameliorate,NOUN,5
endurance,NOUN,5
red,ADJ,5
neutrophil,NOUN,5
substrate,NOUN,5
catenin,NOUN,5
redox,NOUN,5
ligament,NOUN,5
endothelial,NOUN,5
diseases,NOUN,5
epidermal,ADJ,5
reference,NOUN,5
focal,ADJ,5
fuel,NOUN,5
process,NOUN,5
cellular,NOUN,5
functions,NOUN,5
leave,VERB,5
lupus,NOUN,5
vesicles,NOUN,5
learn,VERB,5
regulators,NOUN,5
sulfate,NOUN,5
cerebral,NOUN,5
niftp,NOUN,5
surface,NOUN,5
evolution,NOUN,5
driver,NOUN,5
beneficial,ADJ,5
knee,NOUN,5
experience,NOUN,5
benefit,NOUN,5
knock,NOUN,5
aerobic,ADJ,5
properties,NOUN,5
ductal,ADJ,5
expand,VERB,5
tablets,NOUN,5
ppars,NOUN,5
chickens,NOUN,5
reprogramming,NOUN,5
affects,NOUN,5
oocyte,NOUN,5
glycolysis,NOUN,5
donor,NOUN,5
chip,NOUN,5
dominant,ADJ,5
cardiac,NOUN,5
alleviate,NOUN,5
gout,NOUN,5
calf,NOUN,5
unravel,VERB,5
familial,NOUN,5
divergent,ADJ,5
granule,NOUN,5
proteomic,ADJ,5
dissection,NOUN,5
lipogenic,NOUN,5
marine,NOUN,5
glaucoma,NOUN,5
recovery,NOUN,5
early,NOUN,5
ewe,NOUN,5
tang,NOUN,5
ebpα,NOUN,5
macrophage,ADJ,5
pufa,NOUN,5
genotyping,NOUN,5
nobiletin,NOUN,5
survey,NOUN,5
maintenance,NOUN,5
pre,NOUN,5
fertility,NOUN,5
uterus,NOUN,5
pulp,NOUN,5
exert,NOUN,5
oncogenic,ADJ,5
ginseng,NOUN,5
lipidomic,NOUN,5
fetal,NOUN,5
alopecia,NOUN,5
var,NOUN,4
notch,NOUN,4
lncrnas,NOUN,4
load,VERB,4
antitumor,NOUN,4
tuberculosis,NOUN,4
alveolar,NOUN,4
nutritional,NOUN,4
altered,NOUN,4
ahr,NOUN,4
nucleus,NOUN,4
allergic,ADJ,4
limit,NOUN,4
troglitazone,NOUN,4
longissimus,ADJ,4
palmitate,NOUN,4
aldehyde,NOUN,4
mixed,ADJ,4
nitric,NOUN,4
lipoatrophy,NOUN,4
accompany,VERB,4
microvascular,NOUN,4
algorithm,NOUN,4
vaccine,NOUN,4
alba,NOUN,4
palm,NOUN,4
light,NOUN,4
localization,NOUN,4
inhibiting,NOUN,4
lipids,NOUN,4
lymph,NOUN,4
leukocyte,NOUN,4
water,NOUN,4
mykiss,VERB,4
kras,NOUN,4
vulgaris,NOUN,4
africa,NOUN,4
myeloma,NOUN,4
adiponectin,ADJ,4
oncogene,NOUN,4
lack,VERB,4
yang,NOUN,4
mediated,NOUN,4
ischemic,NOUN,4
undergo,VERB,4
ovarian,NOUN,4
irradiation,NOUN,4
mycobacterium,NOUN,4
ovariectomize,VERB,4
nellore,NOUN,4
measure,NOUN,4
oncorhynchu,NOUN,4
aeruginosa,NOUN,4
nash,NOUN,4
orbitopathy,ADJ,4
anaplastic,ADJ,4
mapping,NOUN,4
material,ADJ,4
map,NOUN,4
adolescent,ADJ,4
analyses,NOUN,4
jiedu,NOUN,4
osteocyte,NOUN,4
adverse,ADJ,4
anemia,NOUN,4
italian,ADJ,4
osteoprotegerin,NOUN,4
myogenic,ADJ,4
ovariectomy,NOUN,4
iodine,NOUN,4
viability,NOUN,4
metabolome,NOUN,4
interstitial,ADJ,4
lycium,NOUN,4
obstructive,NOUN,4
lxrβ,NOUN,4
uhplc,NOUN,4
vesicle,NOUN,4
world,NOUN,4
neuroprotection,NOUN,4
methyltransferase,NOUN,4
intensive,ADJ,4
xiaoyao,NOUN,4
integrative,NOUN,4
ventricular,ADJ,4
micro,NOUN,4
uterine,ADJ,4
intervertebral,ADJ,4
mulberry,NOUN,4
angle,NOUN,4
acne,NOUN,4
nephrotoxicity,NOUN,4
angus,NOUN,4
wean,VERB,4
mutational,ADJ,4
lactobacillus,NOUN,4
weight,VERB,4
invasion,NOUN,4
adenosine,NOUN,4
intrinsic,ADJ,4
overcome,VERB,4
member,NOUN,4
aggravate,VERB,4
messenger,NOUN,4
intolerance,NOUN,4
intestine,NOUN,4
compromise,VERB,4
throughput,NOUN,4
experiments,NOUN,4
bta,NOUN,4
pro,ADJ,4
technique,NOUN,4
pro,NOUN,4
probe,NOUN,4
flower,NOUN,4
spleen,NOUN,4
progesterone,NOUN,4
breeder,NOUN,4
targeted,NOUN,4
roxb,NOUN,4
field,NOUN,4
routine,ADJ,4
targeted,ADJ,4
rotator,NOUN,4
target,ADJ,4
ruminal,ADJ,4
depletion,NOUN,4
femoral,ADJ,4
deregulation,NOUN,4
feedback,NOUN,4
burden,NOUN,4
feed,NOUN,4
promyelocytic,ADJ,4
clear,ADJ,4
butyrate,NOUN,4
cadmium,NOUN,4
dermal,ADJ,4
rice,NOUN,4
detect,VERB,4
rhythm,NOUN,4
bmsc,NOUN,4
dendrobium,NOUN,4
girl,NOUN,4
drive,NOUN,4
germline,NOUN,4
precision,NOUN,4
preclinical,ADJ,4
genotype,VERB,4
decision,NOUN,4
bethesda,NOUN,4
genome,ADJ,4
genistein,NOUN,4
saturated,ADJ,4
bezafibrate,NOUN,4
sperm,NOUN,4
spheroid,NOUN,4
gegen,NOUN,4
gastrointestinal,ADJ,4
delay,VERB,4
rxra,NOUN,4
salmon,NOUN,4
tgfβ,NOUN,4
bioenergetic,NOUN,4
preimplantation,NOUN,4
premature,ADJ,4
biological,NOUN,4
prepartum,NOUN,4
test,NOUN,4
prescription,NOUN,4
bisphenol,ADJ,4
safety,NOUN,4
free,NOUN,4
prevalence,NOUN,4
framework,NOUN,4
factors,NOUN,4
canine,NOUN,4
prostaglandin,ADJ,4
stratify,VERB,4
responses,NOUN,4
stimulate,NOUN,4
embryonic,NOUN,4
cervical,ADJ,4
elongation,NOUN,4
elite,ADJ,4
relevance,NOUN,4
dissect,VERB,4
efflux,NOUN,4
efferocytosis,NOUN,4
effectiveness,NOUN,4
renin,NOUN,4
repeat,NOUN,4
eat,VERB,4
chemical,ADJ,4
cannabidiol,NOUN,4
replacement,NOUN,4
dyslipidemia,VERB,4
cholangiocarcinoma,NOUN,4
distinguish,VERB,4
chemoprevention,NOUN,4
chemosensitivity,NOUN,4
docosahexaenoic,ADJ,4
dual,NOUN,4
chemotherapy,NOUN,4
resident,NOUN,4
chick,NOUN,4
china,NOUN,4
drosophila,NOUN,4
drives,NOUN,4
responsive,ADJ,4
emt,NOUN,4
modified,NOUN,4
reflux,NOUN,4
protects,NOUN,4
inference,NOUN,4
expenditure,NOUN,4
exosomal,ADJ,4
circulation,NOUN,4
exerts,NOUN,4
reverse,NOUN,4
starch,NOUN,4
circrna,ADJ,4
excess,ADJ,4
exactive,NOUN,4
exacerbates,NOUN,4
eucommia,NOUN,4
rainbow,NOUN,4
erythematosus,NOUN,4
chuanxiong,NOUN,4
erratum,NOUN,4
retinoid,NOUN,4
stearoyl,NOUN,4
equine,NOUN,4
sumoylation,NOUN,4
epigenomic,ADJ,4
reticulum,NOUN,4
steatotic,ADJ,4
engineer,VERB,4
disc,NOUN,4
endoplasmic,ADJ,4
stemness,ADJ,4
endocannabinoid,ADJ,4
pparδ,NOUN,4
predispose,VERB,4
trans,NOUN,4
transformation,NOUN,4
severe,NOUN,4
combinatorial,ADJ,4
hyperglycemic,ADJ,4
hypercholesterolemia,NOUN,4
transfer,NOUN,4
hybrid,NOUN,4
cortical,ADJ,4
phospholipase,NOUN,4
atlantic,NOUN,4
hplc,NOUN,4
atp,NOUN,4
specie,NOUN,4
pigs,NOUN,4
snps,NOUN,4
homolog,NOUN,4
homeostatic,ADJ,4
tran,NOUN,4
placenta,ADJ,4
traits,NOUN,4
histology,NOUN,4
histological,ADJ,4
plant,NOUN,4
plantarum,NOUN,4
plaque,NOUN,4
traditional,NOUN,4
hfd,NOUN,4
sensitization,NOUN,4
combined,ADJ,4
hypertrophic,ADJ,4
bacteria,NOUN,4
pfas,NOUN,4
particle,NOUN,4
infant,NOUN,4
computer,NOUN,4
inducible,ADJ,4
pathogenic,NOUN,4
site,NOUN,4
aromatase,NOUN,4
treating,NOUN,4
simultaneous,ADJ,4
traumatic,ADJ,4
connect,VERB,4
asian,NOUN,4
impairs,NOUN,4
skeletal,NOUN,4
pelvic,ADJ,4
contribute,NOUN,4
comorbiditie,NOUN,4
assay,VERB,4
identity,NOUN,4
identifies,NOUN,4
assist,VERB,4
iberian,ADJ,4
shaoyao,NOUN,4
personalized,ADJ,4
hypothalamic,ADJ,4
hypopharyngeal,NOUN,4
personalized,NOUN,4
heterodimer,NOUN,4
strategies,NOUN,4
baizhu,NOUN,4
glycemic,ADJ,4
timing,NOUN,4
tnfα,NOUN,4
barbarum,NOUN,4
scutellariae,NOUN,4
cytotoxic,ADJ,4
hcc,NOUN,4
secretory,ADJ,4
sectional,ADJ,4
secondary,ADJ,4
thyroseq,NOUN,4
postmenopausal,ADJ,4
bean,NOUN,4
pork,NOUN,4
sea,NOUN,4
polyphenol,NOUN,4
spatial,ADJ,4
polysaccharide,NOUN,4
polymorphic,ADJ,4
poly,ADJ,4
somatic,ADJ,4
benign,ADJ,4
glucocorticoid,NOUN,4
cyclooxygenase,NOUN,4
danggui,NOUN,4
ppargamma,NOUN,4
dampness,NOUN,4
help,VERB,4
cuff,NOUN,4
naringenin,NOUN,3
vitiligo,ADJ,3
xiao,NOUN,3
slow,ADJ,3
multifaceted,ADJ,3
narrative,NOUN,3
willd,NOUN,3
steer,NOUN,3
shanzha,NOUN,3
shenle,VERB,3
nasal,ADJ,3
wilfordii,NOUN,3
soluble,ADJ,3
saturate,VERB,3
sarcopenia,NOUN,3
schistosomiasis,NOUN,3
rerio,NOUN,3
scleroderma,NOUN,3
zhi,NOUN,3
resistin,NOUN,3
mucosal,NOUN,3
situ,NOUN,3
stimulates,NOUN,3
siwu,NOUN,3
shi,NOUN,3
silence,VERB,3
spanish,ADJ,3
signalling,NOUN,3
sibiricum,NOUN,3
mrnas,NOUN,3
short,NOUN,3
sleep,VERB,3
retention,NOUN,3
multiomic,NOUN,3
sgbs,NOUN,3
morphology,NOUN,3
rhubarb,NOUN,3
wagyu,NOUN,3
sequencing,NOUN,3
selective,NOUN,3
selenoprotein,NOUN,3
smooth,NOUN,3
ruminant,NOUN,3
west,NOUN,3
sensitize,VERB,3
sporadic,ADJ,3
monounsaturate,VERB,3
retinal,ADJ,3
splice,NOUN,3
rosmarinic,ADJ,3
weighted,NOUN,3
monocytes,NOUN,3
sense,VERB,3
sensing,NOUN,3
rule,NOUN,3
mutational,NOUN,3
splenic,ADJ,3
yao,NOUN,3
sprague,NOUN,3
rhinitis,NOUN,3
sertoli,NOUN,3
monocyte,ADJ,3
smad,NOUN,3
retinoic,NOUN,3
southern,ADJ,3
wild,ADJ,3
spinal,NOUN,3
salidroside,NOUN,3
setting,NOUN,3
mody,NOUN,3
statin,NOUN,3
myostatin,NOUN,3
reveal,NOUN,3
seipin,NOUN,3
xiezhuo,NOUN,3
smoking,NOUN,3
wide,NOUN,3
yeast,NOUN,3
set,NOUN,3
stable,ADJ,3
monitor,VERB,3
reverses,NOUN,3
serum,VERB,3
sclerostin,ADJ,3
triterpenoid,NOUN,3
need,NOUN,3
undernutrition,NOUN,3
oscc,NOUN,3
polysaccharides,NOUN,3
undifferentiated,ADJ,3
osteoclast,ADJ,3
polyp,NOUN,3
osteogenic,NOUN,3
polymerase,NOUN,3
polygenic,ADJ,3
prediabetic,ADJ,3
osteoporotic,ADJ,3
polyfluoroalkyl,NOUN,3
tooth,NOUN,3
polish,ADJ,3
toxic,ADJ,3
plants,NOUN,3
pka,NOUN,3
organoid,NOUN,3
pomc,NOUN,3
poor,ADJ,3
orbitrap,NOUN,3
oleic,ADJ,3
omental,ADJ,3
preclinical,NOUN,3
thiazolidinediones,NOUN,3
pparδ,ADJ,3
thickness,NOUN,3
unsaturated,ADJ,3
thoracis,NOUN,3
power,NOUN,3
thunbergii,NOUN,3
oppose,VERB,3
potent,NOUN,3
postpartum,NOUN,3
positive,NOUN,3
poria,NOUN,3
pills,NOUN,3
ultrasound,NOUN,3
phytoconstituent,NOUN,3
permeability,NOUN,3
peripheral,NOUN,3
oxidize,VERB,3
peri,NOUN,3
penile,ADJ,3
pediatric,NOUN,3
pakistani,ADJ,3
transmission,NOUN,3
pcb,NOUN,3
transporters,NOUN,3
palmitic,ADJ,3
tube,NOUN,3
trend,NOUN,3
pathologic,NOUN,3
pancreatic,NOUN,3
trigger,NOUN,3
turnover,NOUN,3
ubiquitin,ADJ,3
overfeed,VERB,3
persistent,ADJ,3
physiological,ADJ,3
ulcerative,NOUN,3
overload,NOUN,3
overview,NOUN,3
phlegm,NOUN,3
phenotypic,NOUN,3
phenotypes,NOUN,3
transform,VERB,3
pharmacogenetic,ADJ,3
ovine,NOUN,3
oxalate,NOUN,3
oxidase,NOUN,3
pfos,NOUN,3
ucp,NOUN,3
ubiquitination,NOUN,3
prediabete,NOUN,3
update,NOUN,3
repurpose,VERB,3
pyruvate,NOUN,3
reconstruction,NOUN,3
rate,NOUN,3
newborn,NOUN,3
vdr,NOUN,3
rapid,ADJ,3
niche,NOUN,3
quantification,NOUN,3
putative,ADJ,3
theory,NOUN,3
puberty,NOUN,3
ptc,NOUN,3
node,NOUN,3
psychiatric,ADJ,3
psoriatic,ADJ,3
pseudomonas,NOUN,3
nondiabetic,ADJ,3
recruit,VERB,3
recruitment,NOUN,3
substitution,NOUN,3
versus,NOUN,3
negative,NOUN,3
repress,VERB,3
neoadjuvant,ADJ,3
report,VERB,3
stratification,NOUN,3
neonatal,NOUN,3
remodel,VERB,3
structural,NOUN,3
neuroinflammatory,NOUN,3
neurological,ADJ,3
neuron,NOUN,3
subclinical,ADJ,3
neuropathy,NOUN,3
reduces,NOUN,3
redox,ADJ,3
syndrome,VERB,3
syndromic,ADJ,3
synovial,NOUN,3
prioritize,VERB,3
primate,NOUN,3
temperature,NOUN,3
tensile,NOUN,3
present,VERB,3
presence,NOUN,3
prepubertal,ADJ,3
testis,NOUN,3
urothelium,NOUN,3
preoperative,ADJ,3
urothelial,NOUN,3
preeclampsia,NOUN,3
odontogenic,ADJ,3
officinalis,ADJ,3
predisposing,NOUN,3
urban,ADJ,3
priming,NOUN,3
process,VERB,3
synthetic,ADJ,3
teach,VERB,3
prospect,NOUN,3
notch,VERB,3
systemic,NOUN,3
proof,NOUN,3
tail,NOUN,3
talk,NOUN,3
nsclc,NOUN,3
tamoxifen,NOUN,3
taohong,NOUN,3
prolapse,NOUN,3
prolactin,NOUN,3
proinflammatory,NOUN,3
utero,ADJ,3
program,VERB,3
nutrigenomic,ADJ,3
modifier,NOUN,3
lamin,NOUN,3
dysregulate,VERB,3
extravillous,ADJ,3
concurrent,ADJ,3
attenuating,NOUN,3
ingredients,NOUN,3
inhibits,ADJ,3
atorvastatin,NOUN,3
confirm,VERB,3
innate,ADJ,3
innate,NOUN,3
conjugated,NOUN,3
astrocyte,NOUN,3
event,NOUN,3
insomnia,NOUN,3
insufficiency,NOUN,3
consensus,NOUN,3
interfere,VERB,3
consequence,NOUN,3
european,NOUN,3
interferon,NOUN,3
intergenic,ADJ,3
intracellular,ADJ,3
intracerebral,ADJ,3
autoimmune,NOUN,3
concentrate,NOUN,3
inflammasome,NOUN,3
inbreed,VERB,3
bdnf,NOUN,3
bat,NOUN,3
immunomodulation,NOUN,3
extra,ADJ,3
impact,VERB,3
extent,NOUN,3
balb,NOUN,3
expression,ADJ,3
explain,VERB,3
community,NOUN,3
exercise,VERB,3
comorbidity,NOUN,3
award,NOUN,3
indeterminate,ADJ,3
individual,ADJ,3
indomethacin,NOUN,3
inducible,NOUN,3
expandability,NOUN,3
compete,VERB,3
infer,VERB,3
associated,ADJ,3
constitutive,ADJ,3
estrous,ADJ,3
coptidis,NOUN,3
cooperation,NOUN,3
antipsychotic,ADJ,3
antiproliferative,NOUN,3
antioxidant,ADJ,3
klotho,NOUN,3
know,VERB,3
antiobesity,NOUN,3
copd,NOUN,3
krüppel,NOUN,3
ensure,VERB,3
epicardial,ADJ,3
cordyceps,NOUN,3
lactic,ADJ,3
corn,NOUN,3
corr,NOUN,3
antidepressant,NOUN,3
endotoxemia,NOUN,3
endothelium,NOUN,3
larvae,NOUN,3
country,NOUN,3
kinetic,NOUN,3
keratocyst,NOUN,3
construct,VERB,3
japonica,NOUN,3
irisin,NOUN,3
iron,NOUN,3
irritable,ADJ,3
arthritic,ADJ,3
isolation,NOUN,3
issue,NOUN,3
arsenic,ADJ,3
arrest,NOUN,3
erectile,ADJ,3
array,NOUN,3
aplastic,ADJ,3
erchen,NOUN,3
jianpi,NOUN,3
epithelium,NOUN,3
arachidonic,ADJ,3
aqueous,ADJ,3
epilepsy,NOUN,3
controls,NOUN,3
epidemiology,NOUN,3
kazakh,NOUN,3
bear,NOUN,3
beneficial,NOUN,3
anthropometric,ADJ,3
facilitate,NOUN,3
carry,VERB,3
carotenoid,NOUN,3
chondrosarcoma,NOUN,3
hatch,VERB,3
healthy,NOUN,3
care,NOUN,3
cardiovascular,NOUN,3
heifer,NOUN,3
cardioprotective,ADJ,3
cardio,NOUN,3
helper,NOUN,3
hematopoietic,NOUN,3
framingham,NOUN,3
chromosomal,ADJ,3
chromosome,NOUN,3
hepatocyte,VERB,3
capture,NOUN,3
capsules,NOUN,3
cilia,NOUN,3
highlight,VERB,3
cannabinoid,ADJ,3
fuzi,NOUN,3
cartilage,NOUN,3
cascade,NOUN,3
cholestasis,NOUN,3
ginkgo,NOUN,3
gestational,NOUN,3
glial,ADJ,3
cervical,NOUN,3
cerna,ADJ,3
chinensis,NOUN,3
chitosan,NOUN,3
general,ADJ,3
chlorogenic,ADJ,3
causes,NOUN,3
casein,NOUN,3
cause,NOUN,3
grape,NOUN,3
gallus,NOUN,3
green,ADJ,3
gallstone,NOUN,3
gallate,NOUN,3
catalpol,NOUN,3
catabolism,NOUN,3
cast,NOUN,3
hip,NOUN,3
hippocampal,NOUN,3
follow,NOUN,3
hypersensitivity,NOUN,3
blockage,NOUN,3
hyaluronan,NOUN,3
fetus,NOUN,3
block,VERB,3
coa,ADJ,3
hydrolase,NOUN,3
black,ADJ,3
bitter,ADJ,3
biosynthetic,ADJ,3
biopsy,NOUN,3
bran,NOUN,3
fermentation,NOUN,3
feedlot,NOUN,3
hypoglycemic,ADJ,3
hypolipidemic,ADJ,3
fatness,NOUN,3
icariin,NOUN,3
cognitive,NOUN,3
cohorts,NOUN,3
iga,NOUN,3
fibrin,NOUN,3
hungarian,ADJ,3
foam,NOUN,3
classical,ADJ,3
citrus,NOUN,3
history,NOUN,3
ckd,NOUN,3
fluorescence,NOUN,3
fluid,NOUN,3
class,NOUN,3
flora,NOUN,3
flavum,NOUN,3
bupleuri,NOUN,3
bulk,NOUN,3
cluster,NOUN,3
finnish,ADJ,3
housekeeping,NOUN,3
houtt,NOUN,3
finger,NOUN,3
bubalus,NOUN,3
bronchial,ADJ,3
huayu,NOUN,3
fibrotic,NOUN,3
clue,NOUN,3
latent,ADJ,3
isomer,NOUN,3
gilthead,NOUN,3
acetyl,NOUN,3
disorders,NOUN,3
mediterranean,NOUN,3
methylate,VERB,3
dimorphic,ADJ,3
longitudinal,ADJ,3
downregulate,NOUN,3
long,NOUN,3
dha,NOUN,3
mexico,NOUN,3
amboinicus,NOUN,3
cystic,NOUN,3
malignancy,NOUN,3
localize,VERB,3
dimorphism,NOUN,3
deoxy,ADJ,3
amelioration,NOUN,3
american,ADJ,3
demyelination,NOUN,3
developmental,NOUN,3
dione,NOUN,3
defense,NOUN,3
aml,NOUN,3
acetate,NOUN,3
antagonize,VERB,3
live,VERB,3
accord,VERB,3
agonistic,ADJ,3
determination,NOUN,3
eastern,ADJ,3
methods,NOUN,3
acetyltransferase,NOUN,3
moderate,ADJ,3
dataset,NOUN,3
dapagliflozin,NOUN,3
differ,VERB,3
lysine,NOUN,3
druggable,ADJ,3
differentiated,ADJ,3
lycopene,ADJ,3
algae,NOUN,3
activates,NOUN,3
actin,NOUN,3
acquire,VERB,3
danio,NOUN,3
diffuse,NOUN,3
metabolically,NOUN,3
adenoid,NOUN,3
adipo,ADJ,3
metabolites,NOUN,3
lupus,ADJ,3
allelic,ADJ,3
metabolomic,ADJ,3
dysbiosis,NOUN,3
dihydromyricetin,NOUN,3
cytoplasmic,ADJ,3
alleviation,NOUN,3
medium,NOUN,3
demethylase,NOUN,3
metformin,NOUN,3
liquid,NOUN,3
dawley,NOUN,3
dehydrogenase,VERB,3
angiogenic,ADJ,3
dehp,NOUN,3
emerge,VERB,3
depot,ADJ,3
direct,ADJ,3
limited,ADJ,3
adolescence,NOUN,3
mimic,VERB,3
limbal,ADJ,3
emphysema,NOUN,3
adme,NOUN,3
direction,NOUN,3
critical,NOUN,3
maturity,NOUN,3
adipokine,NOUN,3
diurnal,ADJ,3
mature,VERB,3
lesson,NOUN,3
angiopoietin,NOUN,3
length,NOUN,3
mature,NOUN,3
deprivation,NOUN,3
create,VERB,3
mode,NOUN,3
covalent,NOUN,3
display,VERB,3
matter,NOUN,3
embryos,NOUN,3
ctcf,NOUN,3
embryogenesis,NOUN,3
analogue,VERB,3
abnormality,NOUN,3
lipolytic,ADJ,3
linkage,NOUN,3
microgravity,NOUN,3
analogue,NOUN,3
dog,NOUN,3
mechanical,ADJ,3
adverse,NOUN,3
egfr,NOUN,3
elevated,ADJ,3
elucidate,NOUN,3
mild,NOUN,3
abruption,NOUN,3
marine,ADJ,3
diphenyl,NOUN,3
lipoxygenase,NOUN,3
lipodystrophic,ADJ,3
meal,NOUN,3
analyze,VERB,3
microplastic,NOUN,3
clusterin,NOUN,2
clonal,ADJ,2
definition,NOUN,2
spermidine,NOUN,2
samples,NOUN,2
salar,NOUN,2
salmo,NOUN,2
salvia,ADJ,2
delineate,VERB,2
cloning,NOUN,2
delete,VERB,2
clinic,NOUN,2
classic,ADJ,2
spinosae,NOUN,2
sports,NOUN,2
climate,NOUN,2
clinicopathological,ADJ,2
clinicopathologic,ADJ,2
chromium,NOUN,2
stabilization,NOUN,2
stomach,NOUN,2
step,NOUN,2
deoxy,NOUN,2
stepwise,ADJ,2
dependence,NOUN,2
choline,NOUN,2
steroidal,ADJ,2
steroidogenesis,NOUN,2
steroidogenic,ADJ,2
cholestatic,ADJ,2
deplete,VERB,2
chloride,NOUN,2
stone,NOUN,2
rubicon,NOUN,2
depress,VERB,2
rosea,NOUN,2
strain,VERB,2
depressive,ADJ,2
children,NOUN,2
chemokine,ADJ,2
rorα,VERB,2
chemicals,NOUN,2
chem,NOUN,2
strawberry,NOUN,2
roles,NOUN,2
rubcn,NOUN,2
stent,NOUN,2
cisplatin,NOUN,2
cidec,NOUN,2
delta,NOUN,2
cis,NOUN,2
circumference,NOUN,2
rxrα,NOUN,2
standard,ADJ,2
staphylococcus,NOUN,2
circuit,NOUN,2
stasis,NOUN,2
dementia,NOUN,2
static,ADJ,2
ciglitazone,NOUN,2
stearic,ADJ,2
stenosis,NOUN,2
rutin,NOUN,2
russian,ADJ,2
chromatin,ADJ,2
russia,NOUN,2
rupture,NOUN,2
chorionic,ADJ,2
dengue,NOUN,2
chondrogenic,ADJ,2
chondrocyte,NOUN,2
dental,ADJ,2
rule,VERB,2
cocaine,NOUN,2
course,NOUN,2
coccidiosis,NOUN,2
construct,NOUN,2
curcumin,ADJ,2
cuspidatum,NOUN,2
contrast,NOUN,2
chauhan,NOUN,2
cutaneous,ADJ,2
continuous,ADJ,2
continentali,VERB,2
selected,NOUN,2
cutaneous,NOUN,2
shr,NOUN,2
shugan,NOUN,2
cyclic,ADJ,2
sibling,NOUN,2
seip,NOUN,2
cumulative,ADJ,2
cyclic,NOUN,2
conserved,NOUN,2
cyclosporine,NOUN,2
cystic,ADJ,2
conserve,VERB,2
cystitis,NOUN,2
connectivity,NOUN,2
connection,NOUN,2
signpost,NOUN,2
cytokine,ADJ,2
sebaceous,NOUN,2
sijunzi,NOUN,2
cytologic,ADJ,2
curb,NOUN,2
cums,ADJ,2
specimen,NOUN,2
crucial,NOUN,2
couplet,NOUN,2
couple,VERB,2
cows,NOUN,2
coumarin,NOUN,2
septic,ADJ,2
creb,NOUN,2
cotreatment,NOUN,2
creosote,NOUN,2
correction,NOUN,2
corepressor,NOUN,2
criterion,NOUN,2
sexual,ADJ,2
copper,NOUN,2
crystal,NOUN,2
shock,NOUN,2
csf,NOUN,2
senescent,NOUN,2
shape,VERB,2
shared,ADJ,2
shear,ADJ,2
semi,ADJ,2
convert,VERB,2
conversion,NOUN,2
shh,NOUN,2
culture,VERB,2
controlled,NOUN,2
shifts,NOUN,2
shikonin,NOUN,2
conjugate,NOUN,2
confirmation,NOUN,2
simiao,NOUN,2
saroglitazar,NOUN,2
dedifferentiation,NOUN,2
colocalization,NOUN,2
deep,ADJ,2
collagen,NOUN,2
collaborative,NOUN,2
defective,ADJ,2
coleus,NOUN,2
sativa,NOUN,2
cold,NOUN,2
software,NOUN,2
cold,ADJ,2
deficient,NOUN,2
coix,NOUN,2
coexpression,NOUN,2
season,NOUN,2
coefficient,NOUN,2
sargassum,NOUN,2
coding,NOUN,2
code,VERB,2
spatiotemporal,ADJ,2
deficits,NOUN,2
cod,NOUN,2
species,NOUN,2
sarcoma,NOUN,2
sarcoidosis,NOUN,2
cocos,NOUN,2
sanjie,NOUN,2
cocoa,NOUN,2
colonic,NOUN,2
scaffold,VERB,2
dedifferentiate,VERB,2
scalp,NOUN,2
simmental,ADJ,2
conditional,ADJ,2
simulations,NOUN,2
condition,VERB,2
concomitant,NOUN,2
concern,VERB,2
cytotoxicity,NOUN,2
sirna,NOUN,2
scutellaria,NOUN,2
compound,VERB,2
daily,ADJ,2
dampen,VERB,2
composite,ADJ,2
complement,NOUN,2
competition,NOUN,2
danish,ADJ,2
skeleton,NOUN,2
danshen,NOUN,2
comparative,NOUN,2
decline,NOUN,2
commit,VERB,2
comment,NOUN,2
color,NOUN,2
small,NOUN,2
colonization,NOUN,2
scavenger,NOUN,2
smoker,NOUN,2
social,ADJ,2
tacrolimus,NOUN,2
characteristic,ADJ,2
anit,NOUN,2
analog,VERB,2
unveils,NOUN,2
unusual,ADJ,2
untargete,VERB,2
unravels,ADJ,2
unraveling,NOUN,2
unloading,NOUN,2
unit,NOUN,2
anchor,VERB,2
unfold,VERB,2
unexplained,ADJ,2
unexpected,ADJ,2
ancient,ADJ,2
androgenetic,ADJ,2
anemarrhenae,NOUN,2
angelica,NOUN,2
angiomyolipoma,NOUN,2
analgesic,ADJ,2
upper,ADJ,2
amp,NOUN,2
amd,NOUN,2
allicin,NOUN,2
alpinia,NOUN,2
uyghur,NOUN,2
utilization,NOUN,2
alpiniae,NOUN,2
als,NOUN,2
alternative,NOUN,2
ursus,NOUN,2
upregulates,NOUN,2
ursolic,ADJ,2
american,NOUN,2
urinary,ADJ,2
americans,NOUN,2
upstream,ADJ,2
amorfrutin,NOUN,2
upregulating,NOUN,2
aniridia,NOUN,2
ankylosing,ADJ,2
allergic,NOUN,2
annexin,NOUN,2
antipsychotic,NOUN,2
antiretroviral,ADJ,2
tsp,NOUN,2
antiviral,ADJ,2
aorta,NOUN,2
apolipoprotein,ADJ,2
tripterygium,NOUN,2
triple,NOUN,2
apply,VERB,2
triphenyl,NOUN,2
appswe,NOUN,2
aralia,NOUN,2
trichostatin,NOUN,2
tributyltin,NOUN,2
arg,NOUN,2
arms,NOUN,2
tri,ADJ,2
tumorigenic,ADJ,2
tumors,NOUN,2
antihypertensive,ADJ,2
ubiquitin,NOUN,2
annotate,VERB,2
ulmoide,VERB,2
anterior,ADJ,2
anthropometric,NOUN,2
udp,NOUN,2
antiadipogenic,ADJ,2
antibody,NOUN,2
antidepressant,ADJ,2
tumourigenesis,NOUN,2
tzd,NOUN,2
antifibrotic,NOUN,2
antigen,NOUN,2
txnip,NOUN,2
antihyperlipidemic,NOUN,2
turkish,ADJ,2
turkey,NOUN,2
vaninii,NOUN,2
variance,NOUN,2
stress,VERB,2
adipogenesis,VERB,2
acetylation,NOUN,2
acetylcysteine,NOUN,2
xanthone,NOUN,2
xanthine,NOUN,2
achyranthes,NOUN,2
work,VERB,2
acinar,NOUN,2
activin,NOUN,2
acute,VERB,2
acyl,NOUN,2
acyloxyacyl,NOUN,2
addition,NOUN,2
whiten,VERB,2
western,ADJ,2
adipocyte,VERB,2
well,ADJ,2
adipocytic,ADJ,2
xin,NOUN,2
xinjiang,NOUN,2
yak,NOUN,2
zanthoxyli,NOUN,2
zoledronic,ADJ,2
abelmoschus,NOUN,2
zhu,NOUN,2
ability,NOUN,2
zhen,NOUN,2
ablation,NOUN,2
abnormal,ADJ,2
zaltoprofen,NOUN,2
acetyl,ADJ,2
young,NOUN,2
yogurt,NOUN,2
abortion,NOUN,2
abscisic,ADJ,2
absorb,VERB,2
yellow,ADJ,2
acdc,NOUN,2
adipocytokine,NOUN,2
week,NOUN,2
alkaloid,NOUN,2
wear,VERB,2
age,ADJ,2
ageing,NOUN,2
vine,NOUN,2
viburnum,NOUN,2
agents,NOUN,2
aggregation,NOUN,2
agonism,NOUN,2
agonist,ADJ,2
agt,NOUN,2
aip,NOUN,2
vegetable,NOUN,2
air,NOUN,2
aleglitazar,NOUN,2
vary,VERB,2
alginate,NOUN,2
alimentary,ADJ,2
alismatis,NOUN,2
virtual,NOUN,2
aetiology,NOUN,2
aerosol,NOUN,2
vulnerability,NOUN,2
weaning,ADJ,2
way,NOUN,2
adipokine,VERB,2
waste,NOUN,2
walking,NOUN,2
waist,NOUN,2
adipoq,ADJ,2
adiporon,NOUN,2
advanced,NOUN,2
vorinostat,NOUN,2
adjacent,ADJ,2
volatile,ADJ,2
adolescents,NOUN,2
adrenoceptor,NOUN,2
vitiligo,NOUN,2
adulthood,NOUN,2
treg,NOUN,2
arsenic,NOUN,2
aryl,NOUN,2
carbamazepine,NOUN,2
bush,NOUN,2
robust,ADJ,2
tace,NOUN,2
butyrate,ADJ,2
tablet,NOUN,2
cafeteria,NOUN,2
caffeine,NOUN,2
calcification,NOUN,2
canadian,ADJ,2
canadian,NOUN,2
candida,NOUN,2
candidates,NOUN,2
synthesize,VERB,2
cannabinoid,NOUN,2
capable,ADJ,2
capsule,VERB,2
synopsis,NOUN,2
taiwanese,ADJ,2
tam,NOUN,2
bull,NOUN,2
brazil,NOUN,2
temporal,NOUN,2
temporal,ADJ,2
telomerase,NOUN,2
blockade,NOUN,2
box,NOUN,2
brand,NOUN,2
tatarinowii,NOUN,2
bream,ADJ,2
tan,NOUN,2
bromodomain,NOUN,2
bubali,NOUN,2
bulgarian,ADJ,2
tardbp,NOUN,2
bulk,ADJ,2
tao,NOUN,2
tanshinone,NOUN,2
synergistic,ADJ,2
symptom,NOUN,2
asians,NOUN,2
carbohydrate,ADJ,2
subpopulation,NOUN,2
suboptimal,ADJ,2
ccaat,NOUN,2
subgroup,NOUN,2
cdna,NOUN,2
cebpα,NOUN,2
celastrol,NOUN,2
celiac,ADJ,2
cellularity,NOUN,2
center,NOUN,2
centric,ADJ,2
cereal,NOUN,2
strontium,NOUN,2
strong,ADJ,2
cftr,NOUN,2
cgas,NOUN,2
stripe,VERB,2
subset,NOUN,2
substitute,VERB,2
caulis,NOUN,2
carotene,NOUN,2
swine,ADJ,2
swedish,ADJ,2
sustained,ADJ,2
carboxykinase,NOUN,2
carboxylase,NOUN,2
surrogate,ADJ,2
carnitine,NOUN,2
carotid,ADJ,2
cathepsin,NOUN,2
suppress,NOUN,2
support,NOUN,2
sunflower,NOUN,2
sulfonate,NOUN,2
cataract,NOUN,2
subunit,NOUN,2
subtyping,NOUN,2
block,NOUN,2
tenocyte,NOUN,2
terminal,NOUN,2
terpenoid,NOUN,2
atll,NOUN,2
atopic,ADJ,2
atopic,NOUN,2
transactivation,NOUN,2
attack,NOUN,2
trans,ADJ,2
trajectory,NOUN,2
aurantii,NOUN,2
autocrine,NOUN,2
train,VERB,2
autoimmunity,NOUN,2
automate,VERB,2
autonomic,ADJ,2
trabectedin,VERB,2
trabectedin,ADJ,2
toxin,NOUN,2
autophagic,ADJ,2
atlantic,ADJ,2
athletic,ADJ,2
atherogenic,ADJ,2
transit,NOUN,2
asiatica,NOUN,2
asip,NOUN,2
transplant,NOUN,2
aspartate,NOUN,2
assembly,NOUN,2
assess,VERB,2
translation,NOUN,2
transient,ADJ,2
atgl,NOUN,2
transgenic,NOUN,2
associations,NOUN,2
asthmatic,NOUN,2
astragaloside,ADJ,2
astragalus,NOUN,2
transfecte,VERB,2
transduction,NOUN,2
toxicological,ADJ,2
toxicogenomic,NOUN,2
autosomal,NOUN,2
binding,ADJ,2
berardinelli,NOUN,2
bet,NOUN,2
betaine,NOUN,2
beverages,NOUN,2
biallelic,ADJ,2
thermal,ADJ,2
bidirectional,ADJ,2
bio,ADJ,2
thioredoxin,NOUN,2
biochanin,NOUN,2
thai,NOUN,2
biochemical,NOUN,2
biomedical,ADJ,2
tfeb,NOUN,2
biomimetic,NOUN,2
testicular,ADJ,2
thigh,NOUN,2
bengal,NOUN,2
toxcast,NOUN,2
baitouweng,NOUN,2
total,NOUN,2
backfat,NOUN,2
bacterial,ADJ,2
tools,NOUN,2
baihu,NOUN,2
tonifye,VERB,2
bailing,NOUN,2
toddalia,NOUN,2
behaviour,NOUN,2
bao,NOUN,2
bariatric,ADJ,2
tissue,VERB,2
barr,NOUN,2
base,NOUN,2
tianma,NOUN,2
beauty,NOUN,2
depth,NOUN,2
modifications,NOUN,2
roasted,ADJ,2
inkt,NOUN,2
pairs,NOUN,2
insights,NOUN,2
insilico,NOUN,2
paeoniae,NOUN,2
pad,NOUN,2
institution,NOUN,2
inter,ADJ,2
intercross,NOUN,2
interference,NOUN,2
oxidant,ADJ,2
interferon,ADJ,2
intrafollicular,ADJ,2
intrahepatic,ADJ,2
overfeeding,NOUN,2
intraperitoneal,ADJ,2
intratumoral,ADJ,2
overexpresse,VERB,2
pakistani,NOUN,2
initiate,VERB,2
intronic,ADJ,2
palmitoleic,NOUN,2
pashtun,NOUN,2
pas,NOUN,2
inductive,ADJ,2
infertility,NOUN,2
part,NOUN,2
parotid,NOUN,2
paratuberculosis,NOUN,2
parameters,NOUN,2
inflammasome,VERB,2
paracrine,NOUN,2
influences,NOUN,2
infusion,NOUN,2
pantethine,NOUN,2
pancreatitis,NOUN,2
inheritance,NOUN,2
pan,NOUN,2
pan,ADJ,2
intrauterine,ADJ,2
involution,NOUN,2
oleic,VERB,2
juice,NOUN,2
orbitopathy,NOUN,2
kernel,NOUN,2
ketogenic,NOUN,2
optimize,VERB,2
optimization,NOUN,2
opposite,ADJ,2
kitag,NOUN,2
ophthalmopathy,NOUN,2
kiwifruit,NOUN,2
onion,NOUN,2
kong,NOUN,2
label,NOUN,2
omics,NOUN,2
labor,NOUN,2
lactate,VERB,2
omeprazole,NOUN,2
lactating,NOUN,2
orexin,NOUN,2
organization,NOUN,2
isg,NOUN,2
journal,NOUN,2
isoforms,NOUN,2
isolated,ADJ,2
italy,NOUN,2
osteoporosis,ADJ,2
osteopenia,NOUN,2
japanese,NOUN,2
javanica,NOUN,2
jia,NOUN,2
jiangtang,NOUN,2
osteoclastogenesis,NOUN,2
osteoblasts,NOUN,2
osteoblastogenesis,NOUN,2
jianzhong,NOUN,2
jisheng,NOUN,2
jnk,NOUN,2
joint,NOUN,2
ors,NOUN,2
passage,NOUN,2
paternal,ADJ,2
indonesian,ADJ,2
humanize,VERB,2
phenotyping,NOUN,2
huzhang,NOUN,2
hyaluronic,NOUN,2
hybridization,NOUN,2
phenomic,NOUN,2
phellodendri,NOUN,2
hyderabad,NOUN,2
hydrocarbon,NOUN,2
hydroxychloroquine,NOUN,2
pharmacologic,NOUN,2
hydroxymethylation,NOUN,2
hydroxyprostaglandin,NOUN,2
hydroxysafflor,NOUN,2
hyperactivation,NOUN,2
phagocytic,ADJ,2
pfoa,NOUN,2
pfbs,NOUN,2
huo,NOUN,2
phosphoenolpyruvate,ADJ,2
indices,NOUN,2
huge,NOUN,2
hokkaido,NOUN,2
homotherapy,NOUN,2
hong,NOUN,2
honokiol,NOUN,2
hormonal,NOUN,2
pigment,NOUN,2
horse,NOUN,2
pigeons,NOUN,2
pick,NOUN,2
phytochemical,NOUN,2
hpv,NOUN,2
hsa,NOUN,2
hsl,NOUN,2
hua,NOUN,2
huangkui,NOUN,2
photoage,VERB,2
phospholipid,ADJ,2
hypertrophic,NOUN,2
pesticide,NOUN,2
perturbation,NOUN,2
hypoxic,NOUN,2
immunometabolism,NOUN,2
penetrance,NOUN,2
immunomodulatory,NOUN,2
immunosuppressive,ADJ,2
peak,NOUN,2
impair,NOUN,2
impede,VERB,2
pcl,NOUN,2
implications,NOUN,2
pbmc,NOUN,2
patterns,NOUN,2
patterned,NOUN,2
improved,ADJ,2
improving,NOUN,2
incidence,NOUN,2
incident,NOUN,2
inclusion,NOUN,2
immunological,ADJ,2
immunohistochemical,ADJ,2
immunodeficiency,NOUN,2
peritoneal,ADJ,2
personalize,VERB,2
ibd,NOUN,2
ibuprofen,NOUN,2
peroxisomal,ADJ,2
icm,NOUN,2
perk,NOUN,2
ifn,NOUN,2
iia,NOUN,2
pericarpium,NOUN,2
peripartal,ADJ,2
periosteal,ADJ,2
iii,NOUN,2
iloprost,NOUN,2
perinatal,NOUN,2
immature,ADJ,2
perilipin,NOUN,2
oligosaccharide,VERB,2
oleic,NOUN,2
roadmap,NOUN,2
nano,NOUN,2
myxoid,NOUN,2
myxoid,ADJ,2
myofibroblast,NOUN,2
myocarditis,NOUN,2
mcd,NOUN,2
mda,NOUN,2
measurement,NOUN,2
mediates,NOUN,2
myeloid,ADJ,2
myelin,NOUN,2
medical,ADJ,2
myc,NOUN,2
medicines,NOUN,2
meibomian,NOUN,2
melatonin,ADJ,2
mutant,ADJ,2
melon,NOUN,2
méxico,NOUN,2
matched,NOUN,2
multitarget,NOUN,2
match,VERB,2
maintain,NOUN,2
major,NOUN,2
malaria,NOUN,2
malaysian,ADJ,2
malnutrition,NOUN,2
mammal,NOUN,2
mammalian,NOUN,2
mangostin,NOUN,2
neck,NOUN,2
ncor,NOUN,2
manifestation,NOUN,2
native,NOUN,2
native,ADJ,2
mark,NOUN,2
marked,ADJ,2
marrow,ADJ,2
naringin,NOUN,2
membranous,ADJ,2
menopause,NOUN,2
lactiplantibacillus,NOUN,2
morphogenesis,NOUN,2
month,NOUN,2
microbial,NOUN,2
microcarcinoma,NOUN,2
monogenic,NOUN,2
microcystin,NOUN,2
monocytic,ADJ,2
middle,ADJ,2
mild,ADJ,2
molecules,NOUN,2
milk,VERB,2
mimic,NOUN,2
mimicry,NOUN,2
miscarriage,NOUN,2
mitotic,ADJ,2
mobility,NOUN,2
modality,NOUN,2
model,VERB,2
morin,NOUN,2
morphogenetic,ADJ,2
multiplexed,NOUN,2
microbial,ADJ,2
multiple,NOUN,2
menstrual,ADJ,2
mental,ADJ,2
multifocal,ADJ,2
mestizo,NOUN,2
multidrug,NOUN,2
metabolizable,ADJ,2
mucin,NOUN,2
mthfr,NOUN,2
methyladenosine,NOUN,2
metreleptin,NOUN,2
mri,NOUN,2
motility,NOUN,2
motif,NOUN,2
mother,NOUN,2
morus,NOUN,2
miao,NOUN,2
main,ADJ,2
neoplasms,NOUN,2
neoplastic,ADJ,2
ligamentum,NOUN,2
nutrigenomic,NOUN,2
nutrigenetics,NOUN,2
nutrient,NOUN,2
limits,NOUN,2
lindl,NOUN,2
lineage,ADJ,2
nuclei,NOUN,2
linear,ADJ,2
lipe,NOUN,2
lipidomic,ADJ,2
lipodystrophies,NOUN,2
notoginsenoside,NOUN,2
lipofibroblast,NOUN,2
lipoic,ADJ,2
northern,ADJ,2
nonsteroidal,ADJ,2
noninvasive,NOUN,2
like,NOUN,2
level,ADJ,2
macular,NOUN,2
oar,NOUN,2
lam,NOUN,2
old,NOUN,2
large,NOUN,2
olanzapine,ADJ,2
laser,NOUN,2
latifolia,NOUN,2
officinale,NOUN,2
lauric,ADJ,2
occurrence,NOUN,2
layer,NOUN,2
ldlr,NOUN,2
leak,NOUN,2
leave,NOUN,2
obestatin,NOUN,2
left,ADJ,2
leishmaniasis,NOUN,2
leptin,ADJ,2
nondiabetic,NOUN,2
liposarcoma,NOUN,2
noncode,VERB,2
liposomal,ADJ,2
lumbar,NOUN,2
lumborum,NOUN,2
neuropathy,ADJ,2
luminal,NOUN,2
lutein,NOUN,2
luteolin,NOUN,2
lxr,NOUN,2
lxrα,NOUN,2
neurodegeneration,NOUN,2
neuroblastoma,NOUN,2
neural,NOUN,2
lymphoblastic,ADJ,2
netfactor,NOUN,2
nervous,ADJ,2
lysophosphatidic,ADJ,2
lysosomal,ADJ,2
lysosomal,NOUN,2
lps,NOUN,2
neuroprotective,NOUN,2
neurotoxic,ADJ,2
load,NOUN,2
lipoxygenating,NOUN,2
lithium,NOUN,2
live,ADJ,2
nocturnin,NOUN,2
lizhong,NOUN,2
nkt,NOUN,2
nitrosodiethylamine,NOUN,2
nitric,ADJ,2
neurotrophic,ADJ,2
lobata,NOUN,2
niemann,NOUN,2
niacin,NOUN,2
nfκb,NOUN,2
nfkbia,NOUN,2
look,NOUN,2
lowering,NOUN,2
piperine,NOUN,2
pitfall,NOUN,2
pituitary,ADJ,2
energetic,NOUN,2
rectal,NOUN,2
enos,NOUN,2
enriched,ADJ,2
enrichment,NOUN,2
reconstructed,NOUN,2
recombinant,NOUN,2
recombinant,ADJ,2
recipient,NOUN,2
entity,NOUN,2
eosinophilic,NOUN,2
ephedra,NOUN,2
reactive,NOUN,2
reaction,NOUN,2
reach,VERB,2
raw,NOUN,2
epileptic,ADJ,2
epimedium,NOUN,2
enhancing,NOUN,2
endpoint,NOUN,2
era,NOUN,2
endoperoxide,ADJ,2
emerging,NOUN,2
emodin,NOUN,2
empagliflozin,NOUN,2
emphasis,NOUN,2
enable,VERB,2
regression,NOUN,2
encapsulate,VERB,2
regenerative,ADJ,2
encephalopathy,NOUN,2
regain,NOUN,2
end,NOUN,2
endocrine,VERB,2
endogenous,NOUN,2
reductase,NOUN,2
endometritis,NOUN,2
reduced,NOUN,2
reduced,ADJ,2
epstein,NOUN,2
erg,NOUN,2
hobnail,ADJ,2
pulposus,NOUN,2
examine,VERB,2
excessive,ADJ,2
pufa,VERB,2
exchange,NOUN,2
puerarin,NOUN,2
pueraria,NOUN,2
public,ADJ,2
exclusion,NOUN,2
excretion,NOUN,2
ptc,ADJ,2
exhibit,NOUN,2
exist,VERB,2
exogenous,ADJ,2
proximal,ADJ,2
proxie,VERB,2
expense,NOUN,2
protocol,NOUN,2
examination,NOUN,2
pulse,VERB,2
erythroid,NOUN,2
evolutionary,ADJ,2
randomise,VERB,2
ester,NOUN,2
estrogen,VERB,2
radiosensitivity,NOUN,2
ether,ADJ,2
quzhi,NOUN,2
etiology,NOUN,2
euphorbia,NOUN,2
evasion,NOUN,2
qtof,NOUN,2
qtl,NOUN,2
qpcr,NOUN,2
qishen,NOUN,2
qinlian,ADJ,2
evidence,VERB,2
pylori,NOUN,2
pxr,NOUN,2
regulon,NOUN,2
elimination,NOUN,2
elements,NOUN,2
reversed,ADJ,2
diagnose,VERB,2
diarrhea,NOUN,2
dichlorophenoxyacetic,ADJ,2
retraction,NOUN,2
diffusa,NOUN,2
dihuang,NOUN,2
retinoblastoma,NOUN,2
dinch,NOUN,2
dioscorea,NOUN,2
dioxin,NOUN,2
restricted,NOUN,2
restenosis,NOUN,2
discover,VERB,2
disrupt,NOUN,2
disrupting,NOUN,2
disruptor,NOUN,2
respiration,NOUN,2
diabesity,NOUN,2
dextran,NOUN,2
electromagnetic,ADJ,2
rewire,NOUN,2
rnas,NOUN,2
derivative,ADJ,2
rna,ADJ,2
derived,NOUN,2
richard,NOUN,2
rich,NOUN,2
dermal,NOUN,2
desaturation,NOUN,2
rhythmic,ADJ,2
deterioration,NOUN,2
determinants,NOUN,2
rhodiola,NOUN,2
rhizome,NOUN,2
determined,ADJ,2
determining,NOUN,2
rhei,NOUN,2
rhabdomyosarcoma,NOUN,2
resorption,NOUN,2
doi,NOUN,2
domestic,ADJ,2
dominant,NOUN,2
dysmenorrhea,NOUN,2
replace,VERB,2
ecdysone,NOUN,2
eclampsia,NOUN,2
reoxygenation,NOUN,2
ectopic,ADJ,2
renewal,NOUN,2
ectopic,NOUN,2
eczema,NOUN,2
remyelination,NOUN,2
remove,VERB,2
remodelle,VERB,2
edema,NOUN,2
egcg,NOUN,2
eggshell,ADJ,2
egyptian,ADJ,2
eicosapentaenoic,ADJ,2
dysfunctional,ADJ,2
reporter,NOUN,2
repository,NOUN,2
repurposing,NOUN,2
residual,ADJ,2
dong,NOUN,2
downstream,NOUN,2
rescue,NOUN,2
drink,NOUN,2
requirement,NOUN,2
dropping,NOUN,2
reprograms,NOUN,2
duration,NOUN,2
drugs,NOUN,2
drynaria,NOUN,2
reproductive,NOUN,2
ductal,NOUN,2
reproduction,NOUN,2
repressive,ADJ,2
duhuo,NOUN,2
proteomics,NOUN,2
explant,NOUN,2
proteins,NOUN,2
potentiation,NOUN,2
glycosylation,NOUN,2
glycyrrhetinic,ADJ,2
gonadotropin,NOUN,2
goose,NOUN,2
potency,NOUN,2
potato,NOUN,2
postural,ADJ,2
postprandial,ADJ,2
gouty,NOUN,2
graft,NOUN,2
graph,NOUN,2
great,ADJ,2
green,NOUN,2
grouper,NOUN,2
groups,NOUN,2
porphyra,NOUN,2
guide,NOUN,2
potentiate,VERB,2
glycolipid,ADJ,2
genomics,NOUN,2
glycogen,NOUN,2
geriatric,ADJ,2
prebiotic,NOUN,2
germ,NOUN,2
gill,NOUN,2
ginkgo,ADJ,2
practice,NOUN,2
glabra,NOUN,2
glands,NOUN,2
gln,NOUN,2
pparα,ADJ,2
glu,NOUN,2
glucosidase,NOUN,2
glucoside,NOUN,2
glutamine,NOUN,2
glycaemia,NOUN,2
glycation,NOUN,2
glycerol,NOUN,2
guinea,NOUN,2
gwas,NOUN,2
populations,NOUN,2
haitanensis,NOUN,2
point,NOUN,2
podocyte,NOUN,2
herba,NOUN,2
hereditary,ADJ,2
plga,NOUN,2
heteroclitus,NOUN,2
player,NOUN,2
platform,NOUN,2
platelet,NOUN,2
hippocampus,NOUN,2
hippophae,NOUN,2
hircus,NOUN,2
histochemical,NOUN,2
placental,NOUN,2
histologic,ADJ,2
histopathology,NOUN,2
placebo,NOUN,2
hepatoprotective,ADJ,2
hepatoma,ADJ,2
pollen,NOUN,2
heal,VERB,2
ham,NOUN,2
hamster,NOUN,2
polyunsaturated,NOUN,2
polyunsaturated,ADJ,2
hance,NOUN,2
harbor,NOUN,2
harness,VERB,2
hearing,NOUN,2
polyamine,NOUN,2
hedyotis,NOUN,2
polygonum,NOUN,2
helicobacter,NOUN,2
polygonati,NOUN,2
hepato,NOUN,2
hepatocarcinogenesis,NOUN,2
polycaprolactone,NOUN,2
geo,NOUN,2
precondition,VERB,2
explore,NOUN,2
fenofibrate,NOUN,2
promising,ADJ,2
promise,VERB,2
prolong,VERB,2
proline,NOUN,2
fermented,NOUN,2
proliferative,ADJ,2
ferroptosis,VERB,2
proliferating,NOUN,2
fibroblasts,NOUN,2
progressive,ADJ,2
film,NOUN,2
programs,NOUN,2
filtering,NOUN,2
fine,NOUN,2
finerenone,NOUN,2
finishing,NOUN,2
fix,VERB,2
ferment,VERB,2
features,NOUN,2
genomewide,NOUN,2
favor,VERB,2
exposure,ADJ,2
extend,VERB,2
protectin,NOUN,2
extraction,NOUN,2
extraskeletal,ADJ,2
protamine,NOUN,2
prostatic,ADJ,2
prostaglandin,VERB,2
eye,NOUN,2
facial,ADJ,2
prostacyclin,ADJ,2
fang,NOUN,2
propose,VERB,2
propionate,NOUN,2
prophylaxis,NOUN,2
fao,NOUN,2
propagation,NOUN,2
progeny,NOUN,2
flavonoids,NOUN,2
flavor,NOUN,2
flow,NOUN,2
fucosterol,NOUN,2
fumarate,NOUN,2
fundulus,NOUN,2
preparation,NOUN,2
gain,VERB,2
gan,NOUN,2
gancao,NOUN,2
ganjiang,NOUN,2
ganoderic,ADJ,2
gardenia,NOUN,2
gastritis,NOUN,2
gastroesophageal,NOUN,2
gckr,NOUN,2
gelatin,NOUN,2
gemcitabine,NOUN,2
gene,ADJ,2
geniposide,NOUN,2
fritillaria,NOUN,2
french,ADJ,2
freeze,NOUN,2
football,NOUN,2
procyanidin,NOUN,2
processes,NOUN,2
flux,NOUN,2
fna,NOUN,2
foetal,ADJ,2
pristane,NOUN,2
foot,NOUN,2
prime,VERB,2
frameshift,NOUN,2
form,VERB,2
formononetin,NOUN,2
formulation,NOUN,2
fos,NOUN,2
preventive,ADJ,2
fpld,NOUN,2
fracture,NOUN,2
zuojin,NOUN,2
